"Block Number","Hash","Transactions","Gas Used","Gas Limit","Miner","Timestamp"
"25085357","0xbe96ee9de5615292517b89b7a56003ac800c6ca0090bd765ee8576611e057059","79","11469245","59941408","0xd87f3d6c5624e8b02be13c2c92f8511b88b94d96","1778664947"
"25085355","0x913308b3279d83f12341476cc9d878f94a61a2909fcb786353bccb4ebadcb6ac","128","18549752","60000000","0x396343362be2a4da1ce0c1c210945346fb82aa49","1778664923"
"25085358","0xd2004367351fa738b5b15bfc0c0515fa949bba1de46420fba0e08dd02f340298","138","12299057","59999943","0xdadb0d80178819f2319190d340ce9a924f783711","1778664959"
"25085354","0x417465639aab29c5bb71f0117b0fb80931d3cc74640a20c513fa9d5a3550625a","470","42938059","60000000","0xfb74767c1ce1aada0a0e114441173b57f8c1571b","1778664911"
"25085349","0x052ca684166f3d2c8de2cb293367cf525cd3b6cad0c25902ba12f38dea8acc36","104","13163029","60000000","0x396343362be2a4da1ce0c1c210945346fb82aa49","1778664851"
"25085350","0x0fda68191f0a83712a88051819194f58f1dca8b1e28794f5c6d23fa284569f37","184","24677087","60000000","0x4838b106fce9647bdf1e7877bf73ce8b0bad5f97","1778664863"
"25085351","0x426e6be2c42009d26c1a891ccc04acc77e0bbfe1cb3d780969d9c0f15ece10b9","241","25040326","60000000","0x4838b106fce9647bdf1e7877bf73ce8b0bad5f97","1778664875"
"25085356","0x00c4b5a46e54e2e53195e9007cacc59e44cc237d36c28406037d38eb048dfdb0","249","32053458","60000000","0x4838b106fce9647bdf1e7877bf73ce8b0bad5f97","1778664935"
"25085353","0xd7360b6ab6342940da3f447301d007db749fe58d2c7aee6979cb0b5a657470aa","120","10296389","60000000","0x7e2a2fa2a064f693f0a55c5639476d913ff12d05","1778664899"
"25085348","0x651c87590ac9b827dc4d6aeecc4c166b3148829351b7fd8487909fa0a90c5f3f","176","21808704","59999943","0x4838b106fce9647bdf1e7877bf73ce8b0bad5f97","1778664839"
"25085347","0x238ba513e11e0ea5136162b8d7b2d4a055a31583b0446c45dcf291dea43b458e","254","17281216","59941408","0x4838b106fce9647bdf1e7877bf73ce8b0bad5f97","1778664827"
"25085352","0xb5a1e74e93e317c08103ffa403a4f64890b319d32862c2326af7384216d69a39","883","59985337","60000000","0xdadb0d80178819f2319190d340ce9a924f783711","1778664887"
"25085345","0x935de426537e513e615b06681ce0669dfb2e59ee035acc1178009fa6ced34cc0","273","31435935","60000000","0x4838b106fce9647bdf1e7877bf73ce8b0bad5f97","1778664803"
"25085346","0x9e3c9b4175643e8ad0f62607b0cd5e4109b7b1a6003d862efd2f7eaddc3e2129","549","36686249","60000000","0xdadb0d80178819f2319190d340ce9a924f783711","1778664815"
"25085343","0x85d68339b7899acbda5c2572c51cbc04fab5f993905a06a5b1f43c824d849e80","489","36093083","60000000","0xdadb0d80178819f2319190d340ce9a924f783711","1778664779"
"25085344","0x0e250bc23a39c10e2a7f92646755cc27cef01bf55c25865d3e6eff39c7548431","373","36279520","60000000","0x4838b106fce9647bdf1e7877bf73ce8b0bad5f97","1778664791"
"25085341","0xda1844b7397994494380f0840876d39b4132c5012f517ac30fb1d0a7f726ede1","76","16421924","60000000","0x396343362be2a4da1ce0c1c210945346fb82aa49","1778664755"
"25085342","0xe205d2732154dfb252941434202c07ba867ac1484728b12ad1958e592f1c947c","547","56482633","60000000","0x4838b106fce9647bdf1e7877bf73ce8b0bad5f97","1778664767"
"25085340","0x3f75468c2c781ca282d982d163bee13f319781bc39d4e4f1037bd0e82fd31a6d","373","32363866","60000000","0x4838b106fce9647bdf1e7877bf73ce8b0bad5f97","1778664731"
"25085337","0x0d43a9f17b49c313154bc40fbe630348ae401e801b4dca4ab107e10831af0793","231","32738271","59999943","0x396343362be2a4da1ce0c1c210945346fb82aa49","1778664695"
"25085338","0x5309249b4aa5b95d9cce5ed8e88871f0ba44d754a9126130ddb01fe8bee114db","262","26259997","60000000","0x4838b106fce9647bdf1e7877bf73ce8b0bad5f97","1778664707"
"25085339","0x2669a7b6a3d2bbf8fc401de7b67ccfc6105f12d9bd43badeafb1091ba4c988bc","318","20608818","60000000","0x396343362be2a4da1ce0c1c210945346fb82aa49","1778664719"
"25085336","0x0b9e69134f580570a6684cf898ea0c14749c68a534bbc64b6a0cd942f794d7a8","245","24029525","59941408","0x4838b106fce9647bdf1e7877bf73ce8b0bad5f97","1778664683"
"25085335","0xed524a35b77ab4db4bcc880725a1b87088ce357f8b72d66f2236d330ba8e448c","316","41474145","60000000","0x396343362be2a4da1ce0c1c210945346fb82aa49","1778664671"
"25085334","0x4b9dc12c4d59028c0e6160d584c22f64a9eff507cf04c5126aa8a911ffe23371","597","26492525","60000000","0x85c2e985a4fb5c3ff25ee27ee424abd851e4cb33","1778664659"
"25085333","0x413041168c31778d11de5e63e14cc23f314151a5f0ffa1c6866d615cef2b853d","374","29804097","60000000","0x4838b106fce9647bdf1e7877bf73ce8b0bad5f97","1778664647"
"25085332","0x614ce94bb2e76241eab3715c8848c2d26de1d86383e98fef4a7deddb984d503f","1342","59827432","59999943","0xdadb0d80178819f2319190d340ce9a924f783711","1778664635"
"25085331","0x09fdd3d314cb4dd802131e5c356d1966ae688d7fa064171c523b31fa269779ad","251","33061290","59941408","0x4838b106fce9647bdf1e7877bf73ce8b0bad5f97","1778664623"
"25085330","0xed46d97f014f3759b613d130c3a7d542efe079ac178a092b0ef30c9da911646a","227","16119559","60000000","0xc2f209680dc9b578b06ee65f6f4134a96cebbc15","1778664611"
"25085329","0xadaf8e883b196544a390e2f460b246d81f3cc2a8ead86fd6d5f9293a07756c3f","233","26076771","60000000","0x4838b106fce9647bdf1e7877bf73ce8b0bad5f97","1778664599"
"25085328","0x642cd08cdbdb02cc115c80e7174387f9af99b7bd81881f6260c11f6391ca550f","269","26058754","60000000","0xdadb0d80178819f2319190d340ce9a924f783711","1778664587"
"25085327","0x6f416718ed894b0aaa89b2be004d84ee5dbc44fd3bfb2a1cceae136f34f5877e","705","34721163","60000000","0x4838b106fce9647bdf1e7877bf73ce8b0bad5f97","1778664575"
"25085326","0xd8cb2cf85503bbc8566d9219ecdf9596276efd9f0fddd9354e444163c28f134d","207","59823347","60000000","0xdadb0d80178819f2319190d340ce9a924f783711","1778664563"
"25085325","0xb11cd67234f038e63eafbf794b3645944e7a4943a69ea3987babe7acf9b7ceb5","602","50367331","59999943","0xdadb0d80178819f2319190d340ce9a924f783711","1778664551"
"25085324","0x82e25b18fca502150e67c503aae2f8c399126e204f7caf91eef74d54ec2d5d3a","339","37397476","59941408","0xd87f3d6c5624e8b02be13c2c92f8511b88b94d96","1778664539"
"25085323","0x67d2b8fd7984f94e357330da0299b020aa70eea380a996aad589ed9342061690","501","48418460","60000000","0x4838b106fce9647bdf1e7877bf73ce8b0bad5f97","1778664527"
"25085322","0x9901f32b4840827d99fc0e14a5616fc15e8cab2e2eafa60116dc675859bac7bc","30","1566414","60000000","0xd87f3d6c5624e8b02be13c2c92f8511b88b94d96","1778664515"
"25085320","0xe973cfb5a2816cd51f7413c1ff83dff350cfcaac9a579f0d426ef36ae8ffe37a","513","44740525","60000000","0xdadb0d80178819f2319190d340ce9a924f783711","1778664491"
"25085319","0xeed6c8ef23013beacb1a47144bc0777770705b073cb5af574e97b396627400f6","150","18738861","60000000","0x396343362be2a4da1ce0c1c210945346fb82aa49","1778664479"
"25085321","0x9e9874d275f564700a594d070255aaabb878bf5586a184918e90611c12c2fb00","316","34145429","60000000","0xdadb0d80178819f2319190d340ce9a924f783711","1778664503"
"25085317","0xbf6512281ce6d097b3b1bbc1801732939500ac007fe2bc6db3544a2c6dff63b8","379","35175306","60000000","0x4838b106fce9647bdf1e7877bf73ce8b0bad5f97","1778664455"
"25085318","0x8cc180e2bc999ea0de883b46569db0c25702a273a979e1944fb497ee1ffa590b","201","14669835","60000000","0xa21e60d3dd18c5ef0dabaa6d40cf32148a9103d9","1778664467"
"25085316","0xb82c3029698d7b45ca6be7ca72f6f2bf474bef2d800c3007c22c33e115d7cd42","352","33128765","60000000","0x396343362be2a4da1ce0c1c210945346fb82aa49","1778664443"
"25085315","0xb46ef63333e959e71ba6784c2690af9c3fa5030c44e1f7ca27b02cf9c55aa971","116","8283100","60000000","0xd70120a23f5b3523f4eb6746b7fbcecbb04e1d3d","1778664431"
"25085313","0x743ae421aeded6e888020414054df27bae44f791f5adee0f4d1f18d6cb251134","232","19208497","60000000","0x396343362be2a4da1ce0c1c210945346fb82aa49","1778664407"
"25085314","0x055fac1fa49d8d86fb077752ef666fac4ce15c0990c8345c781e8f2dbc4f1ab9","317","24921052","60000000","0x4838b106fce9647bdf1e7877bf73ce8b0bad5f97","1778664419"
"25085312","0x847b9c9660881f405d76b6cc014a13f4289870a5e18e01db86d36eafc1d2cac8","371","36997888","60000000","0xdadb0d80178819f2319190d340ce9a924f783711","1778664395"
"25085309","0x8eaf2ebc4d0f6bd76b8ace0bf64d11086546137a5b17c00eb8d3fac2c568e00b","124","16057153","60000000","0x396343362be2a4da1ce0c1c210945346fb82aa49","1778664359"
"25085311","0x5be06c394216437bf02873d6a9667fb7fa2940267ff8f1e3ebfb4af54152aaea","244","27213106","60000000","0x4838b106fce9647bdf1e7877bf73ce8b0bad5f97","1778664383"
"25085310","0xb883a5e659d2e2dd5a8f050b2bdecf60ca2be03c65aed641a16f5dcdc3b7cb59","319","29737885","60000000","0x4838b106fce9647bdf1e7877bf73ce8b0bad5f97","1778664371"
"25085307","0xfde3ed27bd40452927ad5b76478df8c7efb3574a6393114440f9b208792613dc","315","25850663","60000000","0x396343362be2a4da1ce0c1c210945346fb82aa49","1778664335"
"25085308","0xf61f084852c2eb5d2be1fe4376b2dc28828438a6f7357658556cca9e16bc4403","334","34439270","60000000","0x4838b106fce9647bdf1e7877bf73ce8b0bad5f97","1778664347"
"25085305","0x316402912eb7a859de4e1435170562d8ceeb97efd4773191261e71e9445ce42b","269","41133271","60000000","0xd87f3d6c5624e8b02be13c2c92f8511b88b94d96","1778664311"
"25085306","0x5c24a08d5c16ede01ef23eb46e6ff2fc2f35e06b513ff81674511960e543ea4c","211","32726888","60000000","0xd87f3d6c5624e8b02be13c2c92f8511b88b94d96","1778664323"
"25085303","0xc3502a91644d6b129df321ac6fcd75b38056b088376f96d95ca3cd3fee044a09","238","21026243","60000000","0x4838b106fce9647bdf1e7877bf73ce8b0bad5f97","1778664287"
"25085304","0x6837a17f6a669e30c67189323a5e03d8955f28698c0b5dbe64edb640030981ef","142","19274729","60000000","0x396343362be2a4da1ce0c1c210945346fb82aa49","1778664299"
"25085302","0x5e2f9fc51cb7d223fe7ddba404f4ec0ea7777df8a3b9c65ed51a1bb276df5a04","292","29515902","60000000","0x4838b106fce9647bdf1e7877bf73ce8b0bad5f97","1778664275"
"25085299","0x0370e0995d367e43897a39ae50a45346ca1d9b227c8a54bd234eba8b359704fb","213","18156868","60000000","0x4838b106fce9647bdf1e7877bf73ce8b0bad5f97","1778664239"
"25085301","0x88d843410292fffdba5ff7cf7537358551c33eeb998a22e2a8084ddebe3c8064","330","33333477","60000000","0xdadb0d80178819f2319190d340ce9a924f783711","1778664263"
"25085300","0x6f5fb95b6aa901fb05710658921f7e81a0d61dec6e0bdbc5f6a989df4ae3a45c","299","28366312","60000000","0x4838b106fce9647bdf1e7877bf73ce8b0bad5f97","1778664251"
"25085298","0x39d7114a6d42965fe902485cf44c00c60e5e2afe049d277781641b548cddfd2a","264","23087746","60000000","0x4838b106fce9647bdf1e7877bf73ce8b0bad5f97","1778664227"
"25085297","0xc548ad9d012b70a72dab9e29c5c7843a84952dbfcd3c93837649883d49c3bca0","229","24353002","60000000","0x396343362be2a4da1ce0c1c210945346fb82aa49","1778664215"
"25085296","0xfe8fc8d14b6ef6f5ba3c7f4e04a7d261d1a439fef66e2bb6d3994a02c7a45e46","349","34154014","60000000","0x4838b106fce9647bdf1e7877bf73ce8b0bad5f97","1778664203"
"25085294","0x8d3dead3e0169fa6e26ab90fd779b4161190cbd1b7c879af816b465c08945f50","431","26240685","60000000","0x4838b106fce9647bdf1e7877bf73ce8b0bad5f97","1778664179"
"25085295","0xe57260f9f4aea27bdf7144b11147520a67b14f9e2fcc7f6f069c6d0e42314cbf","263","23141530","60000000","0x396343362be2a4da1ce0c1c210945346fb82aa49","1778664191"
"25085293","0x38d2049d37d2ce4711e98f9ec663f6e9e7535a527e1066e7f4b6a7120ed6ad7f","231","18496601","59999943","0x4838b106fce9647bdf1e7877bf73ce8b0bad5f97","1778664167"
"25085291","0x35d6b68a171c1587077a3969ca231634b40f77f131c6cce0de9051be2fcbe305","110","12225374","60000000","0x396343362be2a4da1ce0c1c210945346fb82aa49","1778664143"
"25085292","0xd862c51abe44c7c2c551f76fd5353e887c1cf6a9167f98331a361855204c87ee","410","42774914","59941408","0x4838b106fce9647bdf1e7877bf73ce8b0bad5f97","1778664155"
"25085290","0x8828fe023db3e39860e6229146068b6f65bfcbafe9daf97212c0032997a912c6","249","24865789","60000000","0x4838b106fce9647bdf1e7877bf73ce8b0bad5f97","1778664131"
"25085289","0xc1462a471c516118a252a9a9117c3ba4f6c9e1215a52b6372d4bceea653819d2","310","31327275","60000000","0xdadb0d80178819f2319190d340ce9a924f783711","1778664119"
"25085288","0x563aa08de35d31a34ba16d20a52458c828cbcf5a4e635cf636209cd7f3dbb730","280","30378158","59999943","0x396343362be2a4da1ce0c1c210945346fb82aa49","1778664107"
"25085287","0x8d698aeb40bf3240951a0851bb9be86c91e1af9509a16d0d9d173bc5ad117cec","410","34031851","59941408","0x4838b106fce9647bdf1e7877bf73ce8b0bad5f97","1778664095"
"25085286","0x1da1705ce4d296831334b259deb81f91df8daa9161ecc6ccfb6a238cd6061d35","145","16894701","60000000","0x4838b106fce9647bdf1e7877bf73ce8b0bad5f97","1778664083"
"25085285","0x603864f1a384c75d8a0a74c981020e4601ccbdb11fab73da4be2788c67e2b2fd","361","29691468","60000000","0x4838b106fce9647bdf1e7877bf73ce8b0bad5f97","1778664071"
"25085284","0x891099a0008c0d0bcb9d8fa752903ca3001d1c4d81e8b80118cfc5ce431ad4d4","286","35723246","60000000","0x396343362be2a4da1ce0c1c210945346fb82aa49","1778664059"
"25085283","0xf3bc4ee8790943a6179393fc19f2d6a006b15a4831e06f08608c9ca38b177d9a","250","19833428","60000000","0x4838b106fce9647bdf1e7877bf73ce8b0bad5f97","1778664047"
"25085282","0x142eb08de5b2089c5ee15655eb9372412870854e6b200b3f0a2cc387e823a5ad","372","31842394","59999943","0xdadb0d80178819f2319190d340ce9a924f783711","1778664035"
"25085281","0xcc543a5123a50f6a1c47a3925505cce404ddd9641395bd92f194c42212d73dae","207","26601968","59941408","0x4838b106fce9647bdf1e7877bf73ce8b0bad5f97","1778664023"
"25085279","0xea80725278dc1515985dca9fc57bbb687aab8da33d574ff1103b7a83cae618ee","206","28241522","60000000","0x4838b106fce9647bdf1e7877bf73ce8b0bad5f97","1778663999"
"25085278","0x0b8a940b192b041394da865b27d1f8273ec6f64ec785c1dccc0e6237b439c9d6","250","23518000","60000000","0x4838b106fce9647bdf1e7877bf73ce8b0bad5f97","1778663987"
"25085280","0x7486560f336c75dca81679efe7b72889a635e326c0cd2dcdd5e0c5dd57651b96","298","30723629","60000000","0x4838b106fce9647bdf1e7877bf73ce8b0bad5f97","1778664011"
"25085277","0x346a14413ee53dc3c84891fe18499a9bd05f2c3b83da4c3e6868d9b364ce36a5","266","32180868","60000000","0xdadb0d80178819f2319190d340ce9a924f783711","1778663975"
"25085276","0xe9d6d85053746de16ac091b02d9d286763f7bbdfc166d556bf562b07d04dde65","305","37441687","60000000","0x4838b106fce9647bdf1e7877bf73ce8b0bad5f97","1778663963"
"25085275","0x05610c98be65eb57e6718a476d5bd3b26feba1c51301ac2d3c7f50b101efa10d","153","15412927","60000000","0x5c7de4bbed15ba509e680cd87016670870e76593","1778663951"
"25085274","0xc7df0b4d87cb46507273dcdc39f9c12c471f031aa0e2a95b9f0e5e39733a862a","284","30106239","60000000","0xdadb0d80178819f2319190d340ce9a924f783711","1778663939"
"25085273","0x561c50c9ead48c85d90571689d2f9d8183de040edcc230d95fafab2f3cf98395","302","29368174","60000000","0x4838b106fce9647bdf1e7877bf73ce8b0bad5f97","1778663927"
"25085272","0xad998a2c23b893e38e229569c8af3e2f464881828b287216d63c6b3724a0c5dc","201","19335351","60000000","0x396343362be2a4da1ce0c1c210945346fb82aa49","1778663915"
"25085271","0x7e76b2423b2dc206332c14056284d986fb7962396c10753cac0d6ffc29d999fc","579","45152099","60000000","0xdadb0d80178819f2319190d340ce9a924f783711","1778663903"
"25085270","0x9b779d2a2995080ccf6ede6846bf2f2aab638040d956ed67b4fbcbb7e4e310fd","69","8394198","60000000","0xd87f3d6c5624e8b02be13c2c92f8511b88b94d96","1778663891"
"25085269","0xc3ddad7aeec100173fa8a78c65231bec67342470944fbf683529ae710173b13c","272","28901592","60000000","0x4838b106fce9647bdf1e7877bf73ce8b0bad5f97","1778663879"
"25085268","0xd2f18911b9d52ac3fbeeeb37761a5bb387f75bb3ba5e9722385ea00a3044f0e3","227","21466820","60000000","0x4838b106fce9647bdf1e7877bf73ce8b0bad5f97","1778663867"
"25085266","0xf47a10f805984b0f3ca78835e89c59df2a1b298cae6fb6eadb218159b33b72be","294","43507065","59941351","0x4838b106fce9647bdf1e7877bf73ce8b0bad5f97","1778663843"
"25085267","0xf92cf6eb43353801c54352e6510e0bf71babe67e221d13ae77c52d31f215818c","200","24515047","59999886","0x4838b106fce9647bdf1e7877bf73ce8b0bad5f97","1778663855"
"25085265","0x9595407bf890f530b6a6166c30477dc89c0e6639f1c0aa3db385d285fb140135","154","15471009","59999943","0xd87f3d6c5624e8b02be13c2c92f8511b88b94d96","1778663831"
"25085264","0xca41d32dcdfcd17d94257fecd625066305e8952f9bd6de774174297bdef3be52","264","27255383","59941408","0xdadb0d80178819f2319190d340ce9a924f783711","1778663819"
"25085263","0xdf7d6ddbcefd916f4591fd9c4b2fe171662f454c94f51dc4e138fca32a47c40a","515","41335863","60000000","0xdadb0d80178819f2319190d340ce9a924f783711","1778663807"
"25085262","0x0f4f71491ed20e1599e05cfd57b39be183a4b946cfff01fc12a483897f1c150a","241","31761432","60000000","0x4838b106fce9647bdf1e7877bf73ce8b0bad5f97","1778663795"
"25085261","0x8cf87e7b2ab85b30b0c49d8dc48689d8e47761dce6ac381e59a04dcbbb37d967","60","10940746","60000000","0x4838b106fce9647bdf1e7877bf73ce8b0bad5f97","1778663783"
"25085260","0x383f5b6a8a266e60e422a5b0c74c4d24b536bb37d7ec4618016a79e2fc1bcfb8","252","29402323","59999943","0x4838b106fce9647bdf1e7877bf73ce8b0bad5f97","1778663771"
"25085259","0x3203ddefc8bb09024917d5d2c27db52cb8def3b134f54517e2b50dea60e45d0d","197","24021692","59941408","0x4838b106fce9647bdf1e7877bf73ce8b0bad5f97","1778663759"
